{"cameraMode":{"drawMode":0,"name":"Shaded","section":"Shading Mode"},"sceneLighting":false,"audioPlay":false,"sceneViewState":{"m_AlwaysRefresh":false,"showFog":true,"showSkybox":false,"showFlares":true,"showImageEffects":true,"showParticleSystems":true,"showVisualEffectGraphs":true,"m_FxEnabled":true},"in2DMode":false,"pivot":{"x":-0.43319088220596316,"y":0.5087432861328125,"z":1.0783722400665284},"rotation":{"x":-0.027750609442591668,"y":-0.969977080821991,"z":0.1335352510213852,"w":-0.20156916975975038},"size":1.2471166849136353,"orthographic":false}