{"cameraMode":{"drawMode":0,"name":"Shaded","section":"Shading Mode"},"sceneLighting":false,"audioPlay":false,"sceneViewState":{"m_AlwaysRefresh":false,"showFog":true,"showSkybox":false,"showFlares":true,"showImageEffects":true,"showParticleSystems":true,"showVisualEffectGraphs":true,"m_FxEnabled":true},"in2DMode":false,"pivot":{"x":0.09342730045318604,"y":0.9220142364501953,"z":4.921092510223389},"rotation":{"x":-0.06939249485731125,"y":-0.9272946119308472,"z":0.29786577820777895,"w":-0.21603743731975556},"size":0.641246497631073,"orthographic":false}