{"cameraMode":{"drawMode":0,"name":"Shaded","section":"Shading Mode"},"sceneLighting":true,"audioPlay":false,"sceneViewState":{"m_AlwaysRefresh":false,"showFog":true,"showSkybox":false,"showFlares":true,"showImageEffects":true,"showParticleSystems":true,"showVisualEffectGraphs":true,"m_FxEnabled":true},"in2DMode":false,"pivot":{"x":5.420000076293945,"y":0.059999942779541019,"z":4.733099937438965},"rotation":{"x":-0.4190133810043335,"y":-0.27788877487182619,"z":0.13641825318336488,"w":-0.853640615940094},"size":3.7464258670806886,"orthographic":false}