{"cameraMode":{"drawMode":0,"name":"Shaded","section":"Shading Mode"},"sceneLighting":false,"audioPlay":false,"sceneViewState":{"m_AlwaysRefresh":false,"showFog":true,"showSkybox":false,"showFlares":true,"showImageEffects":true,"showParticleSystems":true,"showVisualEffectGraphs":true,"m_FxEnabled":true},"in2DMode":false,"pivot":{"x":0.08726423233747482,"y":0.8932946920394898,"z":0.8598097562789917},"rotation":{"x":-0.01671728305518627,"y":-0.9726259708404541,"z":0.21985697746276856,"w":-0.07395666837692261},"size":0.8660253882408142,"orthographic":false}